st,g1,b1,b3,qntl,toe_SV,para_SV,sd_SV,mean.se_SV
b,-0.15,-0.4,-0.1,0.01,0.636,-0.150364087,0.065586883,0.065467986
b,-0.15,-0.4,-0.1,0.2,0.6674,-0.150920818,0.062883576,0.063167601
b,-0.15,-0.4,-0.2,0.01,0.6497,-0.15039505,0.064366933,0.064203333
b,-0.15,-0.4,-0.2,0.2,0.6694,-0.151023685,0.062720238,0.062856053
b,-0.15,-0.4,-0.3,0.01,0.6552,-0.150446894,0.06426241,0.063645471
b,-0.15,-0.4,-0.3,0.2,0.6767,-0.151173677,0.062549657,0.062629433
b,-0.15,-0.4,-0.4,0.01,0.6542,-0.15049285,0.064517472,0.063799052
b,-0.15,-0.4,-0.4,0.2,0.673,-0.151058572,0.062355599,0.062488963
b,-0.15,-0.4,-0.5,0.01,0.6401,-0.150359889,0.065426598,0.064666665
b,-0.15,-0.4,-0.5,0.2,0.674,-0.151041061,0.062457976,0.062429181
b,-0.15,-0.4,-0.6,0.01,0.6167,-0.150629489,0.06720112,0.066276888
b,-0.15,-0.4,-0.6,0.2,0.6722,-0.150773058,0.062429049,0.062451966
b,-0.15,-0.4,-0.7,0.01,0.5886,-0.150679827,0.069879264,0.06867452
b,-0.15,-0.4,-0.7,0.2,0.6699,-0.150873513,0.062695296,0.062557015
b,-0.15,-0.4,0.1,0.01,0.5706,-0.150607808,0.070898044,0.070349135
b,-0.15,-0.4,0.1,0.2,0.6564,-0.150923615,0.063446907,0.064058495
b,-0.15,-0.4,0.2,0.01,0.5287,-0.150647472,0.074217495,0.074112632
b,-0.15,-0.4,0.2,0.2,0.6504,-0.150968358,0.064074045,0.064650956
b,-0.15,-0.4,0.3,0.01,0.483,-0.150302922,0.078940109,0.078905757
b,-0.15,-0.4,0.3,0.2,0.6365,-0.150818427,0.064922495,0.065343619
b,-0.15,-0.4,0.4,0.01,0.4251,-0.150003933,0.084929246,0.084862481
b,-0.15,-0.4,0.4,0.2,0.6293,-0.150802107,0.06561148,0.066150554
b,-0.15,-0.4,0.5,0.01,0.3764,-0.15019793,0.092899837,0.092176115
b,-0.15,-0.4,0.5,0.2,0.615,-0.150560603,0.066742389,0.06708186
b,-0.15,-0.4,0.6,0.01,0.323979592,-0.149848856,0.102113442,0.101101434
b,-0.15,-0.4,0.6,0.2,0.6031,-0.150575021,0.067920408,0.06814685
b,-0.15,-0.4,0.7,0.01,0.28255102,-0.150268479,0.112725119,0.111848751
b,-0.15,-0.4,0.7,0.2,0.5793,-0.150273572,0.069308942,0.069345832
b,-0.15,-0.4,0,0.01,0.6012,-0.150066022,0.06772383,0.067499137
b,-0.15,-0.4,0,0.2,0.6602,-0.150592172,0.062989886,0.063561691
b,-0.15,0.4,-0.1,0.01,0.6266,-0.150897211,0.066294175,0.065892355
b,-0.15,0.4,-0.1,0.2,0.6581,-0.15045769,0.063313104,0.063254619
b,-0.15,0.4,-0.2,0.01,0.6334,-0.150895457,0.065893037,0.065438038
b,-0.15,0.4,-0.2,0.2,0.6615,-0.150192379,0.063096821,0.063132025
b,-0.15,0.4,-0.3,0.01,0.6316,-0.151219116,0.066433034,0.065700669
b,-0.15,0.4,-0.3,0.2,0.664,-0.15051435,0.062774821,0.06308922
b,-0.15,0.4,-0.4,0.01,0.6161,-0.151440313,0.067615417,0.066664124
b,-0.15,0.4,-0.4,0.2,0.6633,-0.150495509,0.062528827,0.063127697
b,-0.15,0.4,-0.5,0.01,0.5956,-0.151401291,0.069016825,0.068371289
b,-0.15,0.4,-0.5,0.2,0.6595,-0.150342448,0.062621228,0.063246673
b,-0.15,0.4,-0.6,0.01,0.5676,-0.151609071,0.071353555,0.070882965
b,-0.15,0.4,-0.6,0.2,0.6569,-0.150318695,0.06261759,0.063452831
b,-0.15,0.4,-0.7,0.01,0.5274,-0.151401934,0.074936958,0.074286985
b,-0.15,0.4,-0.7,0.2,0.6535,-0.15018476,0.06314464,0.063740591
b,-0.15,0.4,0.1,0.01,0.5878,-0.151033984,0.069192643,0.068975219
b,-0.15,0.4,0.1,0.2,0.6553,-0.150442402,0.063868637,0.063752592
b,-0.15,0.4,0.2,0.01,0.5615,-0.151449769,0.072082943,0.071709032
b,-0.15,0.4,0.2,0.2,0.6527,-0.150792057,0.064194301,0.064132483
b,-0.15,0.4,0.3,0.01,0.5172,-0.151031684,0.075683852,0.075318478
b,-0.15,0.4,0.3,0.2,0.648,-0.150871515,0.064681257,0.064602033
b,-0.15,0.4,0.4,0.01,0.4752,-0.151148866,0.080279211,0.079951292
b,-0.15,0.4,0.4,0.2,0.6428,-0.150929268,0.065177194,0.06516531
b,-0.15,0.4,0.5,0.01,0.4208,-0.150959188,0.085493606,0.085759917
b,-0.15,0.4,0.5,0.2,0.6334,-0.15087598,0.06590466,0.065826985
b,-0.15,0.4,0.6,0.01,0.361,-0.150582624,0.092081318,0.092888759
b,-0.15,0.4,0.6,0.2,0.6233,-0.151073969,0.066270962,0.066606429
b,-0.15,0.4,0.7,0.01,0.3143,-0.151066875,0.101061117,0.101587646
b,-0.15,0.4,0.7,0.2,0.6124,-0.151009613,0.067157639,0.067505567
b,-0.15,0.4,0,0.01,0.6107,-0.150939807,0.067328393,0.067060765
b,-0.15,0.4,0,0.2,0.6567,-0.150479784,0.063327854,0.063461917
b,0.15,-0.4,-0.1,0.01,0.6337,0.150811166,0.066034995,0.065865192
b,0.15,-0.4,-0.1,0.2,0.6654,0.150786359,0.06316889,0.063255281
b,0.15,-0.4,-0.2,0.01,0.6388,0.150828354,0.065549929,0.065418245
b,0.15,-0.4,-0.2,0.2,0.6662,0.15068908,0.063424173,0.063134175
b,0.15,-0.4,-0.3,0.01,0.633,0.150851803,0.066065788,0.065672082
b,0.15,-0.4,-0.3,0.2,0.6696,0.150434077,0.063209726,0.063089457
b,0.15,-0.4,-0.4,0.01,0.6193,0.150781681,0.067041499,0.066635806
b,0.15,-0.4,-0.4,0.2,0.6641,0.150436293,0.063447991,0.06313758
b,0.15,-0.4,-0.5,0.01,0.5958,0.150843925,0.06882025,0.068356361
b,0.15,-0.4,-0.5,0.2,0.6675,0.150781783,0.063074816,0.063259312
b,0.15,-0.4,-0.6,0.01,0.5672,0.15103522,0.070998698,0.070881166
b,0.15,-0.4,-0.6,0.2,0.6638,0.150539152,0.06337878,0.063465035
b,0.15,-0.4,-0.7,0.01,0.5238,0.151019907,0.074812879,0.074298331
b,0.15,-0.4,-0.7,0.2,0.6612,0.15077724,0.063626176,0.063759794
b,0.15,-0.4,0.1,0.01,0.591,0.150975259,0.069286468,0.068956376
b,0.15,-0.4,0.1,0.2,0.6579,0.150882239,0.063436113,0.063739068
b,0.15,-0.4,0.2,0.01,0.5522,0.150768063,0.071628473,0.07168566
b,0.15,-0.4,0.2,0.2,0.656,0.150805822,0.063930448,0.064114344
b,0.15,-0.4,0.3,0.01,0.5097,0.151065279,0.075260956,0.07532359
b,0.15,-0.4,0.3,0.2,0.6516,0.150773678,0.064350908,0.064579301
b,0.15,-0.4,0.4,0.01,0.4721,0.151660398,0.079507983,0.079963694
b,0.15,-0.4,0.4,0.2,0.6427,0.150891542,0.064995942,0.065145716
b,0.15,-0.4,0.5,0.01,0.4259,0.151768716,0.085830717,0.08576686
b,0.15,-0.4,0.5,0.2,0.6304,0.150910499,0.065942402,0.06581582
b,0.15,-0.4,0.6,0.01,0.369183673,0.151623049,0.092356681,0.092900682
b,0.15,-0.4,0.6,0.2,0.6223,0.150808811,0.066782284,0.066595997
b,0.15,-0.4,0.7,0.01,0.3145,0.15156211,0.101720159,0.10157799
b,0.15,-0.4,0.7,0.2,0.6096,0.15101772,0.067861436,0.067497969
b,0.15,-0.4,0,0.01,0.6122,0.150997055,0.067226754,0.067035081
b,0.15,-0.4,0,0.2,0.6616,0.151087509,0.063263329,0.063453892
b,0.15,0.4,-0.1,0.01,0.6341,0.150431147,0.065470294,0.065491686
b,0.15,0.4,-0.1,0.2,0.6713,0.150983185,0.063471861,0.063166969
b,0.15,0.4,-0.2,0.01,0.6513,0.150374376,0.064231257,0.064214812
b,0.15,0.4,-0.2,0.2,0.6767,0.151066812,0.062959326,0.062853935
b,0.15,0.4,-0.3,0.01,0.6582,0.150376595,0.064137605,0.063663144
b,0.15,0.4,-0.3,0.2,0.6774,0.150860702,0.062757879,0.062625886
b,0.15,0.4,-0.4,0.01,0.6589,0.150172147,0.064242143,0.063821772
b,0.15,0.4,-0.4,0.2,0.6762,0.15097815,0.062344358,0.062481759
b,0.15,0.4,-0.5,0.01,0.645,0.150109559,0.065410424,0.064677702
b,0.15,0.4,-0.5,0.2,0.6782,0.150858655,0.062309636,0.062419324
b,0.15,0.4,-0.6,0.01,0.6211,0.150138598,0.066622874,0.066278462
b,0.15,0.4,-0.6,0.2,0.6753,0.15112019,0.062239312,0.062438207
b,0.15,0.4,-0.7,0.01,0.591,0.150130347,0.069243608,0.068657316
b,0.15,0.4,-0.7,0.2,0.6773,0.151291888,0.062369852,0.062543677
b,0.15,0.4,0.1,0.01,0.5703,0.150788505,0.070049431,0.070369422
b,0.15,0.4,0.1,0.2,0.6539,0.150869241,0.064218492,0.064061753
b,0.15,0.4,0.2,0.01,0.5243,0.150046996,0.074192633,0.074133517
b,0.15,0.4,0.2,0.2,0.6436,0.150549547,0.064800083,0.064654611
b,0.15,0.4,0.3,0.01,0.4805,0.150183987,0.078768442,0.078907917
b,0.15,0.4,0.3,0.2,0.632,0.150533652,0.06571717,0.065352531
b,0.15,0.4,0.4,0.01,0.4311,0.150529663,0.085012724,0.084880947
b,0.15,0.4,0.4,0.2,0.624,0.150548282,0.066227875,0.066157832
b,0.15,0.4,0.5,0.01,0.381,0.150633886,0.092129201,0.092189255
b,0.15,0.4,0.5,0.2,0.6113,0.150347333,0.067264043,0.067087683
b,0.15,0.4,0.6,0.01,0.3291,0.15127305,0.100705848,0.101078611
b,0.15,0.4,0.6,0.2,0.5958,0.150552292,0.068124031,0.068149277
b,0.15,0.4,0.7,0.01,0.2722,0.15044422,0.11145545,0.111845198
b,0.15,0.4,0.7,0.2,0.5767,0.150490929,0.069212847,0.069353815
b,0.15,0.4,0,0.01,0.6009,0.150544212,0.067314882,0.067524608
b,0.15,0.4,0,0.2,0.661,0.150856935,0.063658515,0.063567011
b,0,-0.4,-0.1,0.01,0.0487,0.000337837,0.065180999,0.065196259
b,0,-0.4,-0.1,0.2,0.0511,-3.61E-05,0.062866445,0.06274352
b,0,-0.4,-0.2,0.01,0.051,0.000337949,0.06451652,0.064332273
b,0,-0.4,-0.2,0.2,0.0495,-8.76E-05,0.062801807,0.062525042
b,0,-0.4,-0.3,0.01,0.0494,0.00036592,0.064672057,0.064183884
b,0,-0.4,-0.3,0.2,0.0494,-0.000287391,0.062614015,0.062388463
b,0,-0.4,-0.4,0.01,0.0543,0.000373853,0.065402158,0.064755742
b,0,-0.4,-0.4,0.2,0.0493,-0.000377166,0.062604286,0.062345935
b,0,-0.4,-0.5,0.01,0.0539,0.000568728,0.066767094,0.066072165
b,0,-0.4,-0.5,0.2,0.0491,-0.000255573,0.062602183,0.062380641
b,0,-0.4,-0.6,0.01,0.0536,0.000382356,0.069091108,0.068171891
b,0,-0.4,-0.6,0.2,0.0506,-3.45E-05,0.062719524,0.0625023
b,0,-0.4,-0.7,0.01,0.0548,0.000354032,0.072277888,0.07112295
b,0,-0.4,-0.7,0.2,0.0497,9.03E-05,0.062948309,0.062712361
b,0,-0.4,0.1,0.01,0.05,0.000190601,0.069617926,0.069238735
b,0,-0.4,0.1,0.2,0.0509,0.00016461,0.063415352,0.063440621
b,0,-0.4,0.2,0.01,0.049,-2.11E-05,0.072582815,0.072533006
b,0,-0.4,0.2,0.2,0.0486,0.0001073,0.063894069,0.063932743
b,0,-0.4,0.3,0.01,0.0486,0.000443492,0.076633812,0.076813044
b,0,-0.4,0.3,0.2,0.0499,0.000168015,0.064489584,0.064522292
b,0,-0.4,0.4,0.01,0.0474,0.001213606,0.081956363,0.082203728
b,0,-0.4,0.4,0.2,0.0506,0.000179379,0.065269828,0.065220147
b,0,-0.4,0.5,0.01,0.051020408,0.000859302,0.088966992,0.088852213
b,0,-0.4,0.5,0.2,0.0498,0.000246046,0.066303622,0.06603859
b,0,-0.4,0.6,0.01,0.0488,0.001186832,0.096814129,0.096984022
b,0,-0.4,0.6,0.2,0.0496,0.000360429,0.067278697,0.066979877
b,0,-0.4,0.7,0.01,0.0487,0.0009758,0.107022914,0.106833274
b,0,-0.4,0.7,0.2,0.054,0.000456185,0.068730892,0.068052105
b,0,-0.4,0,0.01,0.0471,0.000599109,0.066904755,0.066818818
b,0,-0.4,0,0.2,0.0514,0.000360615,0.063028823,0.063043918
b,0,0.4,-0.1,0.01,0.0482,-0.000316059,0.065434203,0.065225232
b,0,0.4,-0.1,0.2,0.0513,0.000120096,0.06281398,0.062742533
b,0,0.4,-0.2,0.01,0.0486,-0.000457883,0.064485384,0.064348822
b,0,0.4,-0.2,0.2,0.0507,0.00015067,0.062427443,0.062526379
b,0,0.4,-0.3,0.01,0.0493,-0.000609402,0.064719974,0.064207098
b,0,0.4,-0.3,0.2,0.0494,2.67E-05,0.062402211,0.062390967
b,0,0.4,-0.4,0.01,0.0522,-0.000820587,0.065510466,0.064775006
b,0,0.4,-0.4,0.2,0.0479,0.000128566,0.062122535,0.062338956
b,0,0.4,-0.5,0.01,0.0515,-0.000596551,0.066866572,0.066082283
b,0,0.4,-0.5,0.2,0.0484,7.72E-05,0.062096215,0.062372272
b,0,0.4,-0.6,0.01,0.0506,-0.000767067,0.068685385,0.06816883
b,0,0.4,-0.6,0.2,0.0481,0.000343521,0.062158674,0.062487487
b,0,0.4,-0.7,0.01,0.0513,-0.000765586,0.071599339,0.071106204
b,0,0.4,-0.7,0.2,0.0458,0.000386949,0.062523247,0.062695899
b,0,0.4,0.1,0.01,0.0475,-0.000225665,0.06917321,0.069259575
b,0,0.4,0.1,0.2,0.0508,7.89E-05,0.063497301,0.06344728
b,0,0.4,0.2,0.01,0.051,-0.000781272,0.072886362,0.072561399
b,0,0.4,0.2,0.2,0.0482,-0.000218715,0.063839464,0.063941283
b,0,0.4,0.3,0.01,0.0517,-0.000252993,0.077118841,0.076824662
b,0,0.4,0.3,0.2,0.0493,-0.000260948,0.064550533,0.064534553
b,0,0.4,0.4,0.01,0.0483,-0.00032208,0.082411951,0.082204899
b,0,0.4,0.4,0.2,0.0514,-0.000196292,0.0651153,0.065231219
b,0,0.4,0.5,0.01,0.0497,-0.000386325,0.088877462,0.088871694
b,0,0.4,0.5,0.2,0.0516,-0.000286629,0.065938665,0.066042177
b,0,0.4,0.6,0.01,0.046,0.00031548,0.0960712,0.096999044
b,0,0.4,0.6,0.2,0.0505,-0.000191166,0.066556853,0.066983774
b,0,0.4,0.7,0.01,0.0481,1.37E-05,0.106187309,0.106869021
b,0,0.4,0.7,0.2,0.0504,-0.000269267,0.067685204,0.068059166
b,0,0.4,0,0.01,0.0496,-0.000325852,0.066962854,0.066845578
b,0,0.4,0,0.2,0.0514,6.40E-05,0.062975326,0.063049463
c,-0.15,-0.4,-0.1,0.01,0.8409,-0.149379501,0.050877385,0.050183708
c,-0.15,-0.4,-0.1,0.2,0.874,-0.150393925,0.048492796,0.048453093
c,-0.15,-0.4,-0.2,0.01,0.8517,-0.148941145,0.050038523,0.049554463
c,-0.15,-0.4,-0.2,0.2,0.8759,-0.150163105,0.048292564,0.04816316
c,-0.15,-0.4,-0.3,0.01,0.8652,-0.148769735,0.048840655,0.048592352
c,-0.15,-0.4,-0.3,0.2,0.8827,-0.150087082,0.047479972,0.04768032
c,-0.15,-0.4,-0.4,0.01,0.8789,-0.14877863,0.047303436,0.047325566
c,-0.15,-0.4,-0.4,0.2,0.8919,-0.150189173,0.046554981,0.047033227
c,-0.15,-0.4,-0.5,0.01,0.8947,-0.148771875,0.04580961,0.045813089
c,-0.15,-0.4,-0.5,0.2,0.8989,-0.150303419,0.046080324,0.046258694
c,-0.15,-0.4,-0.6,0.01,0.922,-0.149210366,0.043797152,0.044147914
c,-0.15,-0.4,-0.6,0.2,0.9075,-0.150203391,0.045190018,0.045396777
c,-0.15,-0.4,-0.7,0.01,0.9404,-0.149742404,0.04202843,0.04243054
c,-0.15,-0.4,-0.7,0.2,0.9187,-0.149986037,0.044669927,0.044491803
c,-0.15,-0.4,0.1,0.01,0.8438,-0.149552128,0.050802397,0.050350136
c,-0.15,-0.4,0.1,0.2,0.8734,-0.150318058,0.048242675,0.048444741
c,-0.15,-0.4,0.2,0.01,0.8478,-0.149816445,0.05003403,0.050063224
c,-0.15,-0.4,0.2,0.2,0.8743,-0.15006396,0.048295498,0.048192437
c,-0.15,-0.4,0.3,0.01,0.8527,-0.149680758,0.049983855,0.04965259
c,-0.15,-0.4,0.3,0.2,0.8764,-0.15000507,0.04801725,0.047822972
c,-0.15,-0.4,0.4,0.01,0.8603,-0.150369462,0.049574152,0.049180658
c,-0.15,-0.4,0.4,0.2,0.8836,-0.149731669,0.047573502,0.047370221
c,-0.15,-0.4,0.5,0.01,0.8719,-0.150801263,0.048660336,0.04869736
c,-0.15,-0.4,0.5,0.2,0.8899,-0.149670636,0.046825705,0.046872506
c,-0.15,-0.4,0.6,0.01,0.8816,-0.151198929,0.048171271,0.04820221
c,-0.15,-0.4,0.6,0.2,0.8998,-0.149748349,0.046180302,0.046347999
c,-0.15,-0.4,0.7,0.01,0.8874,-0.151194507,0.047489752,0.047710245
c,-0.15,-0.4,0.7,0.2,0.9045,-0.149698681,0.045688869,0.045816341
c,-0.15,-0.4,0,0.01,0.8402,-0.149606185,0.050995162,0.050415974
c,-0.15,-0.4,0,0.2,0.8699,-0.150025896,0.04853955,0.048538872
c,-0.15,0.4,-0.1,0.01,0.8383,-0.149436477,0.050484606,0.050450746
c,-0.15,0.4,-0.1,0.2,0.8754,-0.149793158,0.048207455,0.048416236
c,-0.15,0.4,-0.2,0.01,0.8536,-0.150138368,0.05005524,0.050140924
c,-0.15,0.4,-0.2,0.2,0.8792,-0.150130079,0.047640291,0.048116477
c,-0.15,0.4,-0.3,0.01,0.8616,-0.150377204,0.049404304,0.049464256
c,-0.15,0.4,-0.3,0.2,0.8863,-0.149981959,0.047307034,0.047653338
c,-0.15,0.4,-0.4,0.01,0.8766,-0.150644782,0.048418812,0.048485615
c,-0.15,0.4,-0.4,0.2,0.8885,-0.14964924,0.046931162,0.047049555
c,-0.15,0.4,-0.5,0.01,0.8901,-0.150231758,0.047022635,0.047262585
c,-0.15,0.4,-0.5,0.2,0.8979,-0.149688988,0.04625037,0.046366329
c,-0.15,0.4,-0.6,0.01,0.9078,-0.150180574,0.0457238,0.04587868
c,-0.15,0.4,-0.6,0.2,0.9082,-0.149992797,0.045628644,0.045620771
c,-0.15,0.4,-0.7,0.01,0.9299,-0.150094723,0.044054316,0.044440893
c,-0.15,0.4,-0.7,0.2,0.9151,-0.149945425,0.045008304,0.044857794
c,-0.15,0.4,0.1,0.01,0.8469,-0.14892539,0.05022437,0.050118276
c,-0.15,0.4,0.1,0.2,0.8773,-0.150356736,0.048282534,0.048480501
c,-0.15,0.4,0.2,0.01,0.8554,-0.149291479,0.049726587,0.049562423
c,-0.15,0.4,0.2,0.2,0.8795,-0.150454168,0.048202057,0.048241774
c,-0.15,0.4,0.3,0.01,0.8595,-0.149234485,0.048866197,0.048883226
c,-0.15,0.4,0.3,0.2,0.8835,-0.150295551,0.047749703,0.047859839
c,-0.15,0.4,0.4,0.01,0.8801,-0.149673409,0.047680396,0.048119092
c,-0.15,0.4,0.4,0.2,0.8878,-0.15032163,0.047275929,0.047370583
c,-0.15,0.4,0.5,0.01,0.8858,-0.149387473,0.04705395,0.047324001
c,-0.15,0.4,0.5,0.2,0.8927,-0.150338742,0.047041827,0.046810644
c,-0.15,0.4,0.6,0.01,0.8915,-0.149189456,0.0465375,0.046512454
c,-0.15,0.4,0.6,0.2,0.8989,-0.150205855,0.046543184,0.046208196
c,-0.15,0.4,0.7,0.01,0.9018,-0.14911216,0.045651249,0.045698819
c,-0.15,0.4,0.7,0.2,0.9045,-0.150104949,0.046063389,0.045589677
c,-0.15,0.4,0,0.01,0.8379,-0.148733595,0.049984024,0.050431997
c,-0.15,0.4,0,0.2,0.8745,-0.149850215,0.048340172,0.048542306
c,0.15,-0.4,-0.1,0.01,0.8453,0.150509622,0.051159925,0.050455873
c,0.15,-0.4,-0.1,0.2,0.8694,0.149688051,0.048625334,0.048421159
c,0.15,-0.4,-0.2,0.01,0.8536,0.150931195,0.050538005,0.050126674
c,0.15,-0.4,-0.2,0.2,0.8749,0.149689687,0.048103326,0.048117909
c,0.15,-0.4,-0.3,0.01,0.8625,0.150995331,0.049947199,0.049468403
c,0.15,-0.4,-0.3,0.2,0.8814,0.149655829,0.047572534,0.047654261
c,0.15,-0.4,-0.4,0.01,0.8777,0.15155953,0.048517812,0.048517482
c,0.15,-0.4,-0.4,0.2,0.8884,0.149852928,0.046805069,0.047066205
c,0.15,-0.4,-0.5,0.01,0.8938,0.151375063,0.047249703,0.047310884
c,0.15,-0.4,-0.5,0.2,0.8984,0.149780072,0.046315677,0.046370373
c,0.15,-0.4,-0.6,0.01,0.9118,0.151438189,0.045765807,0.045927358
c,0.15,-0.4,-0.6,0.2,0.9078,0.149842536,0.045539146,0.045622545
c,0.15,-0.4,-0.7,0.01,0.9274,0.150748099,0.044036431,0.044463227
c,0.15,-0.4,-0.7,0.2,0.9195,0.149897843,0.044752812,0.044858882
c,0.15,-0.4,0.1,0.01,0.8464,0.150513659,0.050443162,0.050090163
c,0.15,-0.4,0.1,0.2,0.8671,0.149749164,0.048520911,0.048475816
c,0.15,-0.4,0.2,0.01,0.8554,0.150068005,0.049497737,0.04954673
c,0.15,-0.4,0.2,0.2,0.8732,0.149810152,0.048287891,0.048235501
c,0.15,-0.4,0.3,0.01,0.8633,0.15036283,0.049322063,0.048851618
c,0.15,-0.4,0.3,0.2,0.8745,0.149963578,0.048165186,0.047853097
c,0.15,-0.4,0.4,0.01,0.8718,0.149939382,0.048851336,0.048081354
c,0.15,-0.4,0.4,0.2,0.8874,0.150242702,0.047456828,0.047363993
c,0.15,-0.4,0.5,0.01,0.8856,0.149767376,0.047648924,0.047278894
c,0.15,-0.4,0.5,0.2,0.8973,0.150433756,0.046758223,0.046797633
c,0.15,-0.4,0.6,0.01,0.8932,0.14952044,0.046776099,0.046469016
c,0.15,-0.4,0.6,0.2,0.9026,0.150346482,0.045992508,0.046203013
c,0.15,-0.4,0.7,0.01,0.9004,0.149382169,0.045816077,0.04566492
c,0.15,-0.4,0.7,0.2,0.9081,0.150427261,0.04554708,0.045591604
c,0.15,-0.4,0,0.01,0.8446,0.150397432,0.050994844,0.050415974
c,0.15,-0.4,0,0.2,0.8654,0.149868776,0.048545117,0.048539686
c,0.15,0.4,-0.1,0.01,0.8561,0.150595172,0.050209627,0.050175473
c,0.15,0.4,-0.1,0.2,0.8747,0.150271139,0.048393608,0.048449146
c,0.15,0.4,-0.2,0.01,0.8573,0.150213741,0.049329589,0.049571794
c,0.15,0.4,-0.2,0.2,0.8765,0.14988614,0.04763578,0.048164774
c,0.15,0.4,-0.3,0.01,0.8648,0.149685985,0.048803185,0.048587942
c,0.15,0.4,-0.3,0.2,0.8826,0.150001861,0.047320487,0.047688859
c,0.15,0.4,-0.4,0.01,0.8808,0.149522657,0.047385522,0.047287242
c,0.15,0.4,-0.4,0.2,0.8925,0.150289953,0.046894101,0.047030773
c,0.15,0.4,-0.5,0.01,0.901,0.149777973,0.045834527,0.045779821
c,0.15,0.4,-0.5,0.2,0.8999,0.150029363,0.046094342,0.046251924
c,0.15,0.4,-0.6,0.01,0.9278,0.15000667,0.043737181,0.044117809
c,0.15,0.4,-0.6,0.2,0.9092,0.150099812,0.045434535,0.045390593
c,0.15,0.4,-0.7,0.01,0.9424,0.150289745,0.042184844,0.042417305
c,0.15,0.4,-0.7,0.2,0.9187,0.149953143,0.044357242,0.044489901
c,0.15,0.4,0.1,0.01,0.8517,0.151154202,0.050369358,0.050377044
c,0.15,0.4,0.1,0.2,0.8714,0.149540705,0.04813789,0.048452436
c,0.15,0.4,0.2,0.01,0.8512,0.150754011,0.050126902,0.050087084
c,0.15,0.4,0.2,0.2,0.8747,0.149635009,0.047805199,0.048201554
c,0.15,0.4,0.3,0.01,0.8566,0.150894138,0.049741811,0.049679201
c,0.15,0.4,0.3,0.2,0.8811,0.149786292,0.047700461,0.047833434
c,0.15,0.4,0.4,0.01,0.8643,0.150655499,0.049095512,0.049208994
c,0.15,0.4,0.4,0.2,0.8871,0.149801831,0.047241206,0.047379476
c,0.15,0.4,0.5,0.01,0.8751,0.150996494,0.048634241,0.048737596
c,0.15,0.4,0.5,0.2,0.8906,0.149667311,0.04706343,0.04687761
c,0.15,0.4,0.6,0.01,0.8844,0.151316876,0.048270885,0.048247616
c,0.15,0.4,0.6,0.2,0.8939,0.149788524,0.046904819,0.046351811
c,0.15,0.4,0.7,0.01,0.8886,0.151419644,0.047989445,0.047758604
c,0.15,0.4,0.7,0.2,0.901,0.149884638,0.04651371,0.045814322
c,0.15,0.4,0,0.01,0.855,0.151271001,0.049984743,0.050432002
c,0.15,0.4,0,0.2,0.8734,0.150044724,0.048331607,0.048541499
c,0,-0.4,-0.1,0.01,0.0543,0.000608295,0.050891542,0.050315153
c,0,-0.4,-0.1,0.2,0.0517,-0.00040963,0.048570969,0.048437695
c,0,-0.4,-0.2,0.01,0.0547,0.001148305,0.050254581,0.049828774
c,0,-0.4,-0.2,0.2,0.0519,-0.000252499,0.04830997,0.04814302
c,0,-0.4,-0.3,0.01,0.0535,0.000911027,0.04937076,0.048996961
c,0,-0.4,-0.3,0.2,0.0487,-0.000204982,0.047407071,0.04766848
c,0,-0.4,-0.4,0.01,0.0533,0.001303759,0.048054569,0.047871468
c,0,-0.4,-0.4,0.2,0.0506,-0.000172207,0.046809935,0.047044867
c,0,-0.4,-0.5,0.01,0.0476,0.001611003,0.046389648,0.046483634
c,0,-0.4,-0.5,0.2,0.0496,-0.000427428,0.046275074,0.046307655
c,0,-0.4,-0.6,0.01,0.0497,0.000935239,0.044600871,0.04492954
c,0,-0.4,-0.6,0.2,0.0473,-0.000285707,0.045285967,0.045498776
c,0,-0.4,-0.7,0.01,0.052,0.000730502,0.042971323,0.043311576
c,0,-0.4,-0.7,0.2,0.0476,-0.000217129,0.044494964,0.044658605
c,0,-0.4,0.1,0.01,0.051,0.000457559,0.050659201,0.050216347
c,0,-0.4,0.1,0.2,0.0483,-0.000289864,0.048359694,0.048461054
c,0,-0.4,0.2,0.01,0.0504,0.000153043,0.049857242,0.049791125
c,0,-0.4,0.2,0.2,0.0503,-0.000218992,0.048214478,0.048214561
c,0,-0.4,0.3,0.01,0.0542,0.000200354,0.049707899,0.04922516
c,0,-0.4,0.3,0.2,0.0504,-4.93E-05,0.04815046,0.047841837
c,0,-0.4,0.4,0.01,0.0525,-1.45E-05,0.048965445,0.048582432
c,0,-0.4,0.4,0.2,0.0511,0.000184633,0.047362214,0.047365962
c,0,-0.4,0.5,0.01,0.0517,-0.000423752,0.048221125,0.047913576
c,0,-0.4,0.5,0.2,0.051,0.000331927,0.046756678,0.046830628
c,0,-0.4,0.6,0.01,0.05,-0.000848467,0.04700623,0.047233097
c,0,-0.4,0.6,0.2,0.0499,0.000301654,0.046111836,0.046264195
c,0,-0.4,0.7,0.01,0.0518,-0.000894992,0.04670604,0.046541702
c,0,-0.4,0.7,0.2,0.0498,0.000285865,0.045724563,0.045690622
c,0,-0.4,0,0.01,0.053,0.000395004,0.050995423,0.050415972
c,0,-0.4,0,0.2,0.0494,-5.74E-05,0.048509965,0.048539009
c,0,0.4,-0.1,0.01,0.0495,0.000619476,0.050275449,0.050309935
c,0,0.4,-0.1,0.2,0.05,0.000154768,0.048360761,0.048432261
c,0,0.4,-0.2,0.01,0.0523,0.00014836,0.04967441,0.049846986
c,0,0.4,-0.2,0.2,0.048,-0.00012669,0.047517196,0.048139146
c,0,0.4,-0.3,0.01,0.049,-0.000413007,0.04892437,0.049002383
c,0,0.4,-0.3,0.2,0.0495,-3.26E-05,0.047318874,0.04767225
c,0,0.4,-0.4,0.01,0.0478,-0.000505914,0.047859255,0.047834271
c,0,0.4,-0.4,0.2,0.0485,0.000326598,0.047001573,0.047040455
c,0,0.4,-0.5,0.01,0.0484,-0.000279735,0.046207928,0.046440419
c,0,0.4,-0.5,0.2,0.05,6.43E-05,0.046137147,0.046308596
c,0,0.4,-0.6,0.01,0.0451,-1.99E-05,0.044373393,0.044890361
c,0,0.4,-0.6,0.2,0.0492,2.34E-05,0.045473182,0.0454987
c,0,0.4,-0.7,0.01,0.0456,0.00022334,0.042850746,0.043291556
c,0,0.4,-0.7,0.2,0.0509,-8.28E-05,0.044788602,0.044657732
c,0,0.4,0.1,0.01,0.0511,0.00105592,0.050433838,0.050248029
c,0,0.4,0.1,0.2,0.0512,-0.000331337,0.048192938,0.048466092
c,0,0.4,0.2,0.01,0.052,0.000824219,0.050054871,0.049811993
c,0,0.4,0.2,0.2,0.0504,-0.000437877,0.047924745,0.048223813
c,0,0.4,0.3,0.01,0.0489,0.00079485,0.049375715,0.049253577
c,0,0.4,0.3,0.2,0.0514,-0.00030129,0.047585236,0.047847372
c,0,0.4,0.4,0.01,0.0492,0.000286814,0.048199097,0.048616086
c,0,0.4,0.4,0.2,0.0525,-0.00028742,0.047275861,0.047373701
c,0,0.4,0.5,0.01,0.0484,0.000898208,0.04754945,0.047959305
c,0,0.4,0.5,0.2,0.0514,-0.000146576,0.047163847,0.046840088
c,0,0.4,0.6,0.01,0.0514,0.000954691,0.047169302,0.04727981
c,0,0.4,0.6,0.2,0.0518,-0.000261791,0.046781235,0.046270304
c,0,0.4,0.7,0.01,0.0531,0.001306279,0.046877231,0.046592075
c,0,0.4,0.7,0.2,0.0498,-0.000241776,0.046098993,0.045690054
c,0,0.4,0,0.01,0.0482,0.001269354,0.049983733,0.050431996
c,0,0.4,0,0.2,0.0514,7.60E-05,0.04830329,0.048541639
