"SNP","pval","est-par","est-var"
"SNP1",0.0387304668595592,0.124282834118237,0.00361513816379405
"SNP2",0.670595617530707,-0.0227252914271792,0.00285473278724366
"SNP3",0.131249260297791,-0.0744039124333915,0.00243053294651048
"SNP4",0.935525088029357,-0.00361720855751296,0.00199939576408541
"SNP5",0.106707789601539,-0.106154520101928,0.00433029247658328
"SNP6",0.274407161289287,-0.0483631205453427,0.00195799911082217
"SNP7",0.932168622640417,-0.00378302685075744,0.00197537433026283
"SNP8",0.0697501504858138,0.0837599154636308,0.00213315827331077
"SNP9",0.677999830246702,-0.0195818654359565,0.00222436377097887
"SNP10",0.727845310614754,0.0269359831047652,0.00599134342374317
"SNP11",0.734805612714976,-0.0218273590626044,0.00415211569870117
"SNP12",0.0301047907370607,-0.140835584539022,0.00421718132867819
"SNP13",0.711761977672238,0.0174015343901972,0.00221803289178752
"SNP14",0.486081574541568,-0.0380183835703349,0.00297904431149594
"SNP15",0.785987249540982,0.012463023716582,0.00210681836102028
"SNP16",0.144324740205548,-0.0741130453810931,0.00257726243910346
"SNP17",0.792594684053152,-0.0119975370246884,0.00208190881527174
"SNP18",0.214610574650648,0.0537378465586052,0.00187510718496325
"SNP19",0.246043227865881,0.0613063423949854,0.00279308771927847
"SNP20",0.548304286069151,0.0281475194436242,0.00219856421559399
"SNP21",0.0464988610130581,-0.0894828688286363,0.0020202661764149
"SNP22",0.84562025697473,-0.0120581812955287,0.00383520573992666
"SNP23",0.986012795528996,-0.000826476819453259,0.00222246606459245
"SNP24",0.637681630469386,-0.0343449081944673,0.00531849211343568
"SNP25",0.272702802861373,-0.0638392277812956,0.00338745258699395
"SNP26",0.0987675567737262,0.084240304278683,0.00260387644534143
"SNP27",0.403866125328,0.0463822888494208,0.00308749040918397
"SNP28",0.0436170231156215,-0.151890914279735,0.0056666673322016
"SNP29",0.491185781775041,0.0482917133210873,0.004920771028615
"SNP30",0.934575672677385,0.00504028974270426,0.00376996669635281
"SNP31",0.360178720928551,-0.0420265446264657,0.00210951121040958
"SNP32",0.644589787032295,-0.0211928384452431,0.00211070797062408
"SNP33",0.601955343948422,-0.0259357896828187,0.00247251697912724
"SNP34",0.975572899599731,0.00217289334774664,0.00503590340753344
"SNP35",0.349788067965355,-0.0445515914024341,0.00227040223012683
"SNP36",0.490109692763147,0.0326759230897441,0.00224175641296063
"SNP37",0.913711176475324,0.0101631873620084,0.0087969566181101
"SNP38",0.444471088412964,-0.0370425816360229,0.00234671385222515
"SNP39",0.239914390387797,-0.0545438245938581,0.00215410573952298
"SNP40",0.112594533447453,0.0758447301950224,0.00228504534655696
"SNP41",0.0772590400141653,0.131085749144262,0.00550463198792949
"SNP42",0.994568583362453,-0.000475907501175836,0.00488756198592211
"SNP43",0.412773588494753,-0.0375668187875018,0.00210386174367951
"SNP44",0.385095572285121,0.0612401886069748,0.00497150086606197
"SNP45",0.31088752007769,0.0458797356996115,0.00204980718351442
"SNP46",0.937985272377116,0.00608798046585841,0.0061229541102984
"SNP47",0.563719491899315,0.0280577194955267,0.00236190832688848
"SNP48",0.176532171353855,0.064704663726837,0.00229209570677158
"SNP49",0.130579850762459,0.069713565075062,0.00212635044876575
"SNP50",0.214459240111475,-0.061124476986928,0.00242442717774521
"SNP51",0.498367235603078,0.0424041232094859,0.00392247826131597
"SNP52",0.499589870528642,0.0305137227067214,0.00204272020607972
"SNP53",0.792518924101991,-0.0146303616682443,0.00309359173951012
"SNP54",0.0870358021041653,0.0886065475474789,0.00268106282539104
"SNP55",0.627945071556192,0.0300621921292775,0.00384801248274368
"SNP56",0.237965442551442,0.057847282914853,0.00240291030216379
"SNP57",0.432302383608695,0.0425501540236429,0.00293614610297536
"SNP58",0.950988625902005,0.00389776088621158,0.00402133237285531
"SNP59",0.12684394855292,0.13214266487815,0.00749199950360422
"SNP60",0.411435675989809,0.0593249249643435,0.0052167132228277
"SNP61",0.453443397819393,0.0347720237205597,0.00215129654658302
"SNP62",0.241954107615227,0.0546820653708528,0.00218389445904054
"SNP63",0.22836617864971,0.0997446808519392,0.00685661075340475
"SNP64",0.00732653260736549,0.128765543101477,0.00230570066234536
"SNP65",0.417118509599052,0.0367024098386329,0.00204591008031301
"SNP66",0.261487751706662,0.0522766797420712,0.00216744459565733
"SNP67",0.751747639786179,-0.02140464545473,0.00457845958910124
"SNP68",0.39465400439725,-0.0498836313119131,0.00343435407191764
"SNP69",0.347955125271076,0.0590307322127233,0.00395575535211647
"SNP70",0.791816609207083,0.0208170974612675,0.00621998260656766
"SNP71",0.308325590668285,0.0621460950020636,0.00372134116994815
"SNP72",0.223690629217829,0.0877449226924461,0.00520025842276672
"SNP73",0.521899283638473,0.0300908387924677,0.00220769050181936
"SNP74",0.14583988873185,0.0667149123422887,0.00210420329489137
"SNP75",0.0194464042926629,0.181285355829234,0.00601810311353659
"SNP76",0.140100043620073,0.111159539029218,0.00567626913237405
"SNP77",0.9100826600998,-0.00637121436497394,0.00318267926102684
"SNP78",0.613813078286624,0.0249539043676307,0.0024452148362605
"SNP79",0.441976125118772,0.0476767481196825,0.00384519302364894
"SNP80",0.413540268412739,0.0668102154765686,0.00667605056171152
"SNP81",0.819889817676775,-0.0109595142458418,0.00231690010838238
"SNP82",0.638993210642803,0.0228708402448384,0.00237695278756454
"SNP83",0.549502699844453,0.0281786053516791,0.00221667855105412
"SNP84",0.605259508152338,-0.0246420177199582,0.00227310869609073
"SNP85",0.153676292302491,0.0681441210963345,0.00228145749302118
"SNP86",0.295837533778797,0.0487307521685163,0.00217290207084289
"SNP87",0.938482902000927,0.00544001019951585,0.00496850758071691
"SNP88",0.76618385788191,-0.0145469811254025,0.00239304425216015
"SNP89",0.874181461080012,-0.00743791068654398,0.00220632211108098
"SNP90",0.787621531926282,-0.0187948832231136,0.00486723814825115
"SNP91",0.369795022064412,-0.0484844176177498,0.00292252065450307
"SNP92",0.674701173683789,-0.0243153062649531,0.00335638501429315
"SNP93",0.660120830397625,-0.0207721623132342,0.00223130497175803
"SNP94",0.722378381393238,-0.0169109222492158,0.00226562649206589
"SNP95",0.0361037793785034,0.104803300273384,0.00250073799108448
"SNP96",0.829579243680223,0.0102032907771564,0.00224713714198288
"SNP97",0.582272919289982,0.0356954075752613,0.00421106897694893
"SNP98",0.544386202981289,0.0284718189053775,0.00220601130298413
"SNP99",0.242588910758447,0.0624113390090129,0.0028525918906608
"SNP100",0.788326273840974,-0.0177443107220216,0.00436796633880034
